toss_decision,pct_win_if_toss_win
bat,0.4542124542124542
field,0.5537190082644629
